IHBV,87,36,18,16,77,84,55,70,10523
DXCF,51,85,91,57,82,70,10,22,12016
LRFK,38,31,75,57,35,62,48,65,7591
EMDX,79,88,63,27,27,90,17,32,4175
ALBS,72,13,87,70,47,53,13,71,6061
SPFW,94,43,23,89,35,97,18,28,14877
GYJV,24,40,90,97,84,77,76,59,19165
MXBB,64,69,13,67,40,55,73,10,15718
QVTO,100,67,26,59,99,38,96,14,13593
RJMH,22,74,20,98,30,67,41,91,3022
JPWY,92,44,59,73,78,72,30,11,4054
NOQY,57,55,70,62,78,43,70,30,3964
IDAM,53,32,58,35,93,65,38,42,9485
FIAN,24,19,69,82,32,16,14,17,3850
GQPY,62,18,68,57,18,15,87,81,5064
PGTK,54,34,32,15,12,34,19,47,18295
QKUX,18,73,11,63,20,22,84,13,15640
UKKC,60,43,66,99,14,71,66,11,19443
HTDV,10,60,84,90,78,13,66,32,15503
TJNM,43,18,82,55,32,27,16,48,11229
CKON,61,83,27,61,64,36,14,39,14001
HFRO,94,46,88,26,90,62,31,98,2769
YNTO,55,83,70,20,98,86,91,44,693
EJAW,50,38,98,100,36,34,53,87,17924
GRKL,69,72,79,70,58,99,93,94,3072
HDYD,86,40,85,61,79,31,72,47,14069
UBVV,64,68,56,10,10,17,35,90,6827
BGUV,75,19,22,51,20,14,21,10,3775
FCVQ,88,22,84,25,67,42,15,67,6893
ISTJ,82,89,93,72,30,40,66,87,13689
OZQB,39,63,87,93,86,34,20,76,17572
THLE,19,61,43,65,24,54,43,69,8298
MCQV,80,66,50,89,18,12,90,97,13885
GDGE,90,79,75,49,67,99,87,12,9773
STKF,92,58,60,27,56,42,31,87,12369
AGAP,21,72,18,31,80,63,89,20,4666
FLDM,17,99,35,80,84,63,63,72,8070
IETS,82,82,74,34,47,45,94,40,4435
VHTG,75,65,69,47,79,15,36,12,2035
SASW,23,84,72,86,64,17,85,54,18602
VVFD,17,85,31,34,64,51,36,99,18394
VZQD,68,69,88,47,67,66,72,59,10447
JDNP,68,36,60,11,53,68,61,35,7049
REYQ,84,46,77,68,44,56,80,25,7765
ZRQG,49,74,95,36,21,88,62,15,13233
CTCH,77,42,13,59,53,37,93,34,1978
JVQY,56,23,78,68,73,90,11,34,1817
VGCW,29,77,17,76,64,70,87,28,13322
HZFZ,39,90,80,36,25,33,86,42,6634
ETKL,20,65,37,50,28,87,50,11,17523
IRTY,14,54,34,37,80,63,88,34,14270
SHKD,21,46,95,57,60,61,13,25,19111
SQJR,48,18,92,64,28,65,38,99,444
ZQGR,17,79,16,18,80,58,18,58,10953
PYWV,42,11,63,16,35,74,60,41,4264
EJSG,26,33,78,68,28,35,22,73,10596
FCNH,43,39,59,37,92,63,12,24,2185
VXIN,72,49,67,88,70,44,28,68,7465
FGNI,96,38,64,82,96,98,76,24,6584
GUGZ,31,83,20,17,38,48,11,98,15772
BDOJ,56,34,84,10,38,56,74,15,12407
TPEJ,23,99,31,16,48,52,34,46,5223
QPZL,65,79,65,24,75,91,69,70,14721
MWIC,11,74,57,87,92,38,69,83,13233
BUSE,19,49,17,13,58,42,48,98,7205
AKZR,63,23,91,57,62,80,29,54,10630
XNGK,55,84,69,78,65,25,41,74,167
LWZI,88,24,29,40,93,84,14,21,8815
TDAF,46,88,40,35,82,80,80,46,11688
PSZJ,71,52,60,32,94,61,52,43,5379
TTZO,33,51,17,17,38,18,51,21,8593
KVMU,40,26,57,19,30,62,89,17,11541
LSJA,88,55,68,35,16,21,58,16,8418
PDUA,80,36,15,100,53,66,13,86,16876
ZAYK,68,49,34,39,59,43,59,47,9099
PRCJ,89,27,40,44,32,31,98,11,2031
DHCE,52,45,70,90,67,59,10,26,11165
RGYU,17,36,98,38,85,49,99,45,57
RPRR,81,96,83,44,53,49,40,60,15599
GTLM,43,91,56,34,15,56,82,92,2114
LUGW,13,49,41,29,63,31,76,60,18833
VMUU,45,54,19,97,88,19,62,69,18320
FVSJ,28,67,17,100,14,82,34,86,10471
NBCQ,11,13,99,64,90,32,52,21,3066
HYMJ,52,48,99,67,17,40,81,37,6960
QDMS,57,41,36,31,90,99,65,80,13984
QHUY,54,12,96,31,66,54,14,88,19735
ZQXU,10,64,19,18,46,98,32,56,11713
LRDD,26,87,17,37,71,94,88,96,14962
YCGZ,59,87,12,43,29,99,84,18,4629
TBUN,29,41,88,93,38,97,29,81,16333
CXND,18,91,10,24,21,26,65,76,8585
EBPD,52,19,33,30,45,35,92,83,6124
LETI,21,67,71,98,43,95,50,41,10612
BTRD,47,75,20,85,11,98,91,52,3464
HDQU,16,38,76,70,55,31,75,77,374
ONNJ,76,84,82,59,28,78,52,27,14290
HETX,33,49,42,20,60,85,39,31,11236
AJXA,14,47,90,61,78,56,85,44,13504
ZKKB,46,75,61,48,67,73,69,52,10119
AOCT,85,99,14,14,86,87,98,14,6345
PZDM,69,84,86,67,43,38,75,65,2265
GZDZ,19,72,14,97,50,28,65,81,9647
DHOI,19,91,37,35,44,22,23,65,2902
DUUK,11,91,79,41,45,58,70,13,2774
GUPN,67,93,90,38,75,75,39,44,5879
EOKW,22,40,52,10,72,51,43,78,17251
VXTR,24,38,87,88,23,54,70,55,12229
FAPC,56,53,40,38,87,34,31,92,9929
LWJG,56,50,46,18,19,75,48,86,5662
LGJW,75,58,82,80,55,78,15,90,19723
JHTH,17,20,89,60,52,50,24,98,12874
WPVW,54,26,97,69,42,87,31,46,7138
KIGN,67,53,88,45,42,87,29,59,3836
WVFD,73,15,97,13,85,71,44,74,9858
KPMH,45,13,33,12,95,25,62,23,19638
DLSO,18,19,31,58,94,68,95,42,19341
XDQU,15,74,19,77,81,51,96,55,5721
DWMK,35,49,28,47,72,94,26,55,11673
RLFM,22,55,72,23,69,89,70,99,18299
IAIR,10,59,80,95,70,56,44,99,11718
JPCW,29,10,66,47,56,81,89,30,7269
BWSK,54,54,82,77,37,99,92,58,99
JANR,38,91,32,42,57,21,95,36,14958
LIHM,37,45,45,80,46,81,63,51,6554
DPVQ,41,55,71,49,50,92,90,53,15533
OCYR,13,46,96,88,70,85,62,20,6258
TMJQ,13,91,49,48,19,47,13,18,3076
ACXV,80,25,71,10,53,78,31,46,4633
QUPR,46,63,64,76,99,39,81,29,9051
EMXI,66,98,47,20,36,35,43,99,4634
XBBS,39,90,34,89,99,82,26,98,13660
MAYO,95,42,32,25,60,99,49,41,13479
WFMY,94,17,79,40,83,70,60,87,5391
LFJP,38,18,69,38,44,28,89,77,15071
UGDK,92,62,70,82,55,90,95,68,13392
KIDW,40,29,44,14,49,11,20,64,3044
HXNE,69,82,26,59,19,21,32,40,6470
OHWW,13,23,26,22,63,51,65,95,17338
UCJE,22,72,27,26,95,74,45,90,7934
ZGWN,47,67,55,79,50,40,19,86,5744
QDNJ,46,85,16,10,15,35,23,28,18772
BYSH,27,98,71,84,88,48,55,64,8901
DJHF,77,50,64,83,81,78,85,50,13196
BKZW,59,15,85,28,28,61,11,20,12263
UIKC,89,12,68,97,58,63,95,33,15212
ZVMC,92,59,59,31,55,16,15,43,17581
WOKV,54,27,45,44,100,33,85,74,16066
EZSJ,46,75,60,60,50,48,39,95,7082
MZLU,68,76,72,80,28,78,51,90,18158
ODPB,10,31,64,18,95,29,76,86,9934
DIRN,42,48,84,98,42,78,65,100,17891
MGKJ,59,55,100,57,51,28,90,74,18489
KUPA,50,19,50,13,22,77,65,71,18992
VRLZ,44,20,28,99,90,15,64,56,13478
LJFT,78,40,32,57,21,11,66,60,18976
UQZI,30,22,66,39,53,45,15,94,6596
VFTN,15,61,24,55,31,98,56,60,8588
MPTK,52,88,64,70,20,95,20,16,16301
LUCF,14,42,69,100,36,81,83,96,386
XWJB,18,11,25,29,82,11,74,40,19923
RGBI,54,94,42,44,17,12,85,81,15246
XDHY,33,62,82,58,48,96,62,65,1118
CBZB,18,44,84,96,46,13,48,86,10576
SELO,19,28,90,71,45,75,55,29,16170
MCQU,30,16,94,24,43,90,72,95,11827
JHXI,88,65,30,81,58,68,49,32,12498
NEKP,15,88,16,10,36,29,59,24,8654
HMSA,94,69,56,61,63,83,48,40,6034
EORH,27,71,40,58,88,24,93,55,2260
DZZT,55,100,63,29,35,38,52,39,5795
WVTR,29,63,94,73,17,62,19,54,13552
PXBY,27,79,90,41,85,27,84,20,282
EKAH,80,47,20,85,26,13,17,71,9056
BSZY,74,87,20,89,59,24,21,25,4179
AKLW,62,94,58,78,23,55,87,51,18918
QJWB,78,52,77,83,12,66,25,66,19743
JXZB,72,13,14,41,70,69,56,14,18132
AJRT,81,32,20,29,82,45,69,84,16252
NCMI,77,80,79,58,80,10,52,34,17254
VEUX,24,36,94,74,80,99,54,92,5502
BVKF,51,85,73,100,18,69,29,71,14956
UNGG,74,71,87,27,40,92,53,82,850
AAUA,91,39,25,99,11,63,37,87,13637
VSEI,30,48,51,90,75,64,43,92,2290
BQTN,17,50,60,82,49,62,48,93,6956
REJI,41,33,72,24,88,32,54,28,7949
XCUB,75,36,16,62,49,96,84,56,19297
UMYU,89,98,43,94,57,81,74,20,1915
QOPH,63,28,74,47,90,64,37,42,11087
TMYE,12,47,97,27,91,30,46,92,14975
CJJN,93,11,96,60,88,90,16,92,18394
DZAH,12,21,45,93,74,96,77,51,5544
UMEY,55,21,51,22,55,64,82,22,12623
WNNR,99,98,35,35,16,93,83,68,16385
ETOU,96,57,26,51,28,95,81,72,17534
JXSJ,16,71,84,46,60,44,25,89,13761
YRHH,52,11,89,78,98,78,77,68,11459
YODA,21,78,64,83,90,45,30,12,11011
